{
	"X_o": [
		38.5807701597233,
		41.6009051846881,
		43.4062275048290,
		45.1218142259962,
		46.8115629037217,
		47.8728708031020,
		47.8441017443788,
		47.1753147048438,
		46.2535215707822,
		45.3600820610584,
		44.3502598000303,
		43.4002748670874,
		42.7340041535223,
		42.4183200424148,
		41.8491239096285,
		41.1649001736433,
		39.9807113716386,
		38.9797471082704,
		37.6725604168805,
		35.9502696211727,
		34.2524555660788,
		32.8107688482304,
		31.3354982167720,
		29.8352635508146,
		28.8982100190941,
		27.4440314063564,
		25.4350758714107,
		23.4936902161427,
		22.0715051667569,
		21.4718041907934,
		21.3962029693081,
		21.1669078803949,
		20.8860395462908,
		20.6997003586970,
		20.5732188586103,
		20.6509526434818,
		22.5545917589848,
		23.8047513513497,
		25.0549725102756,
		26.4907851810348,
		27.9429580943817,
		29.6075160890524,
		31.7552580961993,
		33.4878980663837
	],
	"Y_o": [
		81.6721591436489,
		81.5520441880925,
		81.4246719240061,
		81.1678036734773,
		81.2721537386520,
		81.9255266498134,
		83.1562898306225,
		84.6430675020198,
		85.7138808360701,
		86.6953154904194,
		87.9986270920358,
		89.4878574713286,
		90.9310683318751,
		92.2216022291282,
		93.5039658061190,
		94.9439661897269,
		95.9243003906043,
		95.9658001914178,
		95.4670696139052,
		94.9552100572398,
		94.4374224773881,
		94.6422605788868,
		95.1508246042002,
		96.0536044963191,
		97.6302509254854,
		98.6771513902238,
		98.9659701858727,
		98.4045284458631,
		97.1202591544549,
		95.4078338086209,
		93.5806014286796,
		91.0002279978779,
		88.6778903572254,
		86.4043732531113,
		84.0574662288602,
		82.8772844449955,
		82.7214863215755,
		82.6822699764383,
		82.5653591256116,
		82.3804802319191,
		82.1873970221236,
		82.1904025237967,
		82.1230330503538,
		82.0241715780094
	],
	"X_i": [
		37.8435988890052,
		39.5339434879539,
		41.2279135646884,
		42.8821808827677,
		44.5152480139953,
		46.8245918289726,
		49.1703405851412,
		50.7751098417547,
		51.9080715149878,
		52.1173106290880,
		51.8958122417171,
		51.1590196510967,
		50.0163297588817,
		48.8846120416876,
		47.8856727708332,
		46.6950893977926,
		45.8985615063900,
		45.2526570142738,
		44.6321261480790,
		43.6897844604717,
		42.6222141762341,
		41.4100945661933,
		39.9459340409086,
		38.4860288737016,
		36.8938386405470,
		35.9445364727942,
		34.1185829000774,
		32.8715940456250,
		31.3464643429092,
		29.0702844273734,
		26.6345813880837,
		24.4102197829757,
		22.1626193687480,
		20.0186469051549,
		18.6541175379514,
		17.4569806638572,
		16.6793160725680,
		16.2931868579915,
		16.0566541025300,
		15.8870388829525,
		15.7195871727769,
		16.1261323344121,
		16.8370401118577,
		17.9451906055306,
		19.8208604895391,
		22.4521045678950,
		24.9882782128343,
		27.2454857197849,
		29.5708021865076,
		31.4893661634996,
		33.6712663298981
	],
	"Y_i": [
		78.1175060196827,
		77.9943712064121,
		77.9883506083501,
		77.7227380038779,
		77.5910761541760,
		77.4016332756161,
		77.9505397015428,
		79.4061814818165,
		81.1891582206268,
		82.9001829742183,
		84.5387523910011,
		85.6832370949980,
		87.3042808228827,
		88.4111741701189,
		89.5356947512946,
		91.2049137547711,
		92.4988529729962,
		93.8821305373263,
		95.1186791529562,
		96.9418993117177,
		98.5150958850708,
		99.8429300004316,
		100.148048710430,
		99.8550340889987,
		99.4729907680684,
		98.7991429154024,
		98.5625547379140,
		99.4080076740775,
		100.847964900015,
		102.308455101307,
		102.821671959677,
		102.612822760974,
		101.910146230374,
		100.652206111426,
		98.9203856910654,
		97.0176916339451,
		94.7722554125275,
		92.3388550757966,
		89.4542775310792,
		87.0281001809757,
		85.0858230641440,
		81.3510011528992,
		80.3127558597209,
		79.6885025451226,
		78.9066732709003,
		78.6851340318955,
		78.7701537171394,
		78.4231945444673,
		78.2831565653122,
		78.2560375761667,
		78.2555917324145
	],
	"X": [
		38.2121845243643,
		41.4144093746883,
		43.1442041937983,
		44.8185311199958,
		46.8180773663472,
		49.3239903224284,
		49.5015606977377,
		48.5958222318628,
		47.5690668062349,
		46.6228774159458,
		46.1179662854317,
		45.0476821324400,
		44.3162828299562,
		43.8354885283443,
		43.2406250288538,
		42.4273423170575,
		41.3014627739363,
		38.7328879909860,
		36.8085484448373,
		35.9474030469834,
		34.1855192330781,
		33.4646758741539,
		32.7270405584247,
		31.3534287982198,
		30.1223371810017,
		28.2571579168649,
		24.9226478271932,
		22.8281547924453,
		20.3628113523541,
		19.4643924273253,
		19.0377595209381,
		18.7300473691932,
		18.4713468244104,
		18.2933696208248,
		18.1464030156936,
		20.2359065665104,
		22.5033481634399,
		24.3965147820920,
		25.0216253615550,
		25.7395316969346,
		27.5942219070833,
		29.5891591377800,
		31.6223121298495,
		33.5795821981409
	],
	"Y": [
		79.8948325816658,
		79.7701973982213,
		79.5737049639420,
		79.3794399138267,
		79.3368935071341,
		80.6658540658149,
		84.4197634628102,
		85.9736741624512,
		87.0625275030945,
		88.1155051208570,
		88.7671609216652,
		90.3463856130498,
		91.7149606524356,
		93.0518663832272,
		94.3113224795376,
		95.9429327507223,
		97.2196981378376,
		97.9104171402083,
		97.1331062646538,
		96.8771764863211,
		96.4999886076511,
		96.6024076584004,
		96.8566896710571,
		97.7308060851983,
		99.2391079127502,
		100.492803245765,
		100.789396473423,
		100.157337338119,
		98.0203224227602,
		96.2127627212830,
		94.1764284206036,
		91.6695415368372,
		89.0660839441523,
		86.7162367170435,
		84.5716446465021,
		80.8919788579479,
		80.7033101767355,
		80.7262118467889,
		80.6677564213755,
		80.5753169745293,
		80.3052957832954,
		80.2367795445544,
		80.1895353132603,
		80.1398816552120
	]
}