{
	"X_o": [
		32.7608964443200,
		37.2786498069800,
		42.0349731445000,
		46.5392436981000,
		51.0335502625000,
		55.8245449066000,
		59.0081462860000,
		62.8539886475000,
		66.0541305542000,
		69.6403274536000,
		71.8411369324000,
		73.7949371338000,
		75.3121299744000,
		76.1553916931000,
		76.4220657349000,
		76.5321502686000,
		76.3761138916000,
		75.8401718140000,
		75.0923805237000,
		73.6631126404000,
		71.3715438843000,
		67.8901481628000,
		64.6198616028000,
		61.2377872467000,
		57.4351100922000,
		54.4867210388000,
		51.9398899078000,
		47.7762260437000,
		44.9727420807000,
		43.4640274048000,
		41.3517541885000,
		39.2848196029700,
		37.4833602905300,
		34.7759575843800,
		31.2875914573700,
		28.3661109209100,
		26.8205125331900,
		26.7262902259800,
		26.9220197200800,
		27.2241222858400,
		26.5819041729000,
		24.8295788765000,
		23.4496369361900,
		24.1355304718000,
		25.6224241256700,
		27.8270096778900,
		30.1478730142120,
		34.0886449813800,
		38.0548028945900,
		41.9599332809000,
		44.9592418671000,
		47.6075859070000,
		49.5705165863000,
		52.6065139771000,
		55.3403396606000,
		57.5260028839000,
		59.1637706757000,
		60.1006793976000,
		60.1847019196000,
		59.2832412720000,
		56.9897003174000,
		53.7649536133000,
		49.9833869934000,
		45.7009191513000,
		41.5243768692000,
		37.5542244911200,
		33.9931383132900,
		29.9331897869706,
		26.5577294826500,
		24.5095901489300,
		22.7540898323100,
		20.6387739181500,
		18.4548196793000,
		15.5848169327000,
		13.4813289642000,
		11.4204978943000,
		8.18757820130000,
		5.27329826350000,
		4.24969673160000,
		3.95233345030000,
		4.06843948360000,
		4.27365875240000,
		4.99864768980000,
		5.70775413510000,
		6.69499206540000,
		7.86825752260000,
		9.21147727970000,
		11.5367603302000,
		14.3977222443000,
		16.4254970551000,
		18.4853982925000,
		22.9566020965600,
		25.8906726837200,
		28.2332566976500
	],
	"Y_o": [
		81.7153673172000,
		81.7270327806500,
		81.7770155668300,
		81.8575179576900,
		81.9057978391600,
		81.8236978054000,
		81.6881827116000,
		81.5323630571400,
		81.4059867858900,
		81.3329223394400,
		80.4617002308370,
		79.1756695508960,
		77.3687608242000,
		75.3749814033500,
		72.8974514007600,
		70.3928585052500,
		68.0474958420000,
		65.5912704468000,
		63.4802246094000,
		60.9047260284000,
		58.2545166016000,
		55.9170131683000,
		54.4622650146000,
		53.5925407410000,
		52.4053459167000,
		51.7288036346000,
		51.4607105255000,
		52.5005626678000,
		54.8453922272000,
		56.2969646454000,
		58.0623722076000,
		59.6096858978000,
		61.0803852081000,
		62.5018844604000,
		62.6667900085000,
		61.7241077423000,
		58.2709445953000,
		54.9795093536000,
		52.5717258453000,
		49.9171314240000,
		45.9175872803000,
		42.8517723083000,
		39.6086845398000,
		37.1384048462000,
		35.0512504578000,
		32.5231819153000,
		31.2360267639000,
		31.1205558777000,
		32.0839691162000,
		32.3448524475000,
		32.0649948120000,
		31.3244514465000,
		30.2244567871000,
		27.8163146973000,
		24.6089286804000,
		21.2723007202000,
		17.9666023254000,
		14.2780303955000,
		10.9776229858000,
		7.92620849610000,
		6.03754425050001,
		5.60410308840000,
		5.74993896480000,
		6.96999359130000,
		8.01443481450001,
		8.98563385010000,
		9.85247039790001,
		10.8971252441000,
		12.7690124512000,
		14.8880310059000,
		17.4038429260000,
		19.6852607727000,
		21.6876945496000,
		25.0657348633000,
		27.4388122559000,
		29.8605537415000,
		33.3789138794000,
		36.5248489380000,
		39.6018867493000,
		43.0299377441000,
		47.3806724548000,
		51.3558959961000,
		55.3237113953000,
		59.1367073059000,
		62.7964076996000,
		66.3576316833000,
		70.7194137573200,
		73.5874638557400,
		76.3130085468300,
		77.8339548111000,
		79.1071372628210,
		80.4401907324790,
		81.1095694303500,
		81.4703056812300
	],
	"X_i": [
		33.1781075000800,
		37.4855895042400,
		42.1316843033000,
		46.7907257080000,
		51.0159664154000,
		55.9492740631000,
		59.0480709076000,
		62.6119613647000,
		65.9588241577000,
		69.9082717896000,
		72.1978797913000,
		72.6439514160000,
		72.6222114563000,
		72.5240669250000,
		72.1597290039000,
		71.4561500549000,
		70.5325622559000,
		68.5180549622000,
		66.2039756775000,
		62.7586708069000,
		58.4735565186000,
		55.4437217712000,
		52.9642963409000,
		48.7935180664000,
		46.1738128662000,
		43.5638856888000,
		41.8896331787000,
		40.3036079407000,
		36.7994570732100,
		34.3283038139300,
		31.1230187416100,
		27.2461762428300,
		25.1854567527800,
		22.8473124504100,
		21.8158588409400,
		22.0922150611900,
		22.9910879135100,
		21.5788354873700,
		19.6561975479000,
		20.7842245101900,
		23.0796365737900,
		25.3940272331200,
		27.6472651958500,
		29.8341614902020,
		32.0411541461900,
		34.1573920249900,
		38.7517633438100,
		42.9969034195000,
		46.4463691711000,
		49.5894641876000,
		51.4045848846000,
		55.2624359131000,
		56.2041530609000,
		56.1475238800000,
		54.7101478577000,
		51.1220054626000,
		46.8929786682000,
		42.5505523682000,
		38.6141061782800,
		35.1298866272000,
		31.2918307781200,
		29.0885426402090,
		26.8072493076300,
		25.1102385520900,
		22.6573319435100,
		20.6754732132000,
		18.0729446411000,
		16.0092782974000,
		14.1443824768000,
		12.5786304474000,
		11.0365200043000,
		9.13096618650000,
		8.21690177920000,
		7.88156700130000,
		7.62177085880000,
		7.71083641050000,
		8.31650543210000,
		9.16037940980000,
		10.2661437988000,
		11.2002182007000,
		12.5100936890000,
		14.4388389587000,
		16.0584402084000,
		18.1683816910000,
		20.3970689773600,
		23.6421961784400,
		26.2036414146400,
		28.7946454286600
	],
	"Y_i": [
		78.0676712989800,
		78.1864634752300,
		78.3160306215300,
		78.3660213947300,
		78.4223235845600,
		78.3155660629300,
		78.2711211442900,
		78.1630377769500,
		77.9748163223300,
		76.9530854225200,
		74.2688498497000,
		72.5424141883900,
		70.1543903350800,
		68.5291614532000,
		66.5139694214000,
		64.8181123734000,
		63.1202468872000,
		61.0011367798000,
		59.5290889740000,
		58.0261802673000,
		56.5182075500000,
		55.8285465240000,
		55.5047664642000,
		56.5323581696000,
		58.5475158691000,
		61.1330871582000,
		62.6357269287000,
		63.9006214142000,
		66.1339292526000,
		66.4884366989000,
		66.2860984802000,
		65.8341732025000,
		64.3235330582000,
		60.9164180756000,
		56.7836055756000,
		52.7609748840000,
		48.9549007416000,
		45.0787506104000,
		40.6897354126000,
		36.1850051880000,
		32.3692512512000,
		29.4522438049000,
		28.1107254028000,
		27.1091918945000,
		26.7277145386000,
		26.6350364685000,
		26.9425659180000,
		27.8354797363000,
		27.4482803345000,
		25.1200752258000,
		22.7113609314000,
		16.6070861816000,
		14.0232772827000,
		11.6444320679000,
		10.0840988159000,
		9.74040985110000,
		10.5351104736000,
		11.5796432495000,
		12.4754943848000,
		13.3635787964000,
		14.4811706543000,
		15.9995117188000,
		18.2409477234000,
		20.0781555176000,
		22.6209220886000,
		24.6351432800000,
		27.4141197205000,
		29.5949134827000,
		31.7081146240000,
		33.6596031189000,
		35.5279960632000,
		38.8782691956000,
		40.4464797974000,
		43.0191078186000,
		46.6244735718000,
		50.1945209503000,
		54.3273658752000,
		58.2003955841000,
		61.9327945709000,
		65.6309490204000,
		69.1552352905000,
		71.1304368972800,
		72.7212319374100,
		74.1788039207500,
		75.2138748168900,
		76.3721537590000,
		77.0953164100600,
		77.5657804012300
	],