{
	"X_o": [
		-20.194000244100,
		-19.879001617400,
		-18.755001068100,
		-17.041000366200,
		-15.069999694800,
		-12.528999328600,
		-9.5909996033000,
		-6.0509986877000,
		-2.7799987793000,
		0.65200042720000,
		3.01300048830000,
		5.58799934390000,
		8.07399940490000,
		10.2779998779000,
		13.4120006561000,
		16.0120000839000,
		18.4490003586000,
		20.6549997329700,
		22.5390000343300,
		24.5399999618500,
		26.7660000324200,
		29.4679999947550,
		32.5280001163500,
		34.7789998054500,
		37.1989998817400,
		38.7700004577600,
		42.6000003815000,
		46.2380008698000,
		49.2479991913000,
		52.4549999237000,
		55.1560001373000,
		57.4260005951000,
		59.4349994659000,
		61.9449996948000,
		64.5089988708000,
		67.3989982605000,
		70.3209991455000,
		73.3030014038000,
		75.5550003052000,
		77.2430000305000,
		78.5320014954000,
		79.0960006714000,
		78.8979988098000,
		77.7949981689000,
		76.4630012512000,
		74.8180007935000,
		72.8089981079000,
		70.4049987793000,
		67.7420005798000,
		64.2439994812000,
		60.6550006866000,
		58.0669994354000,
		56.0049991608000,
		53.9869995117000,
		50.6539993286000,
		47.5090007782000,
		44.4239997864000,
		40.3439998627000,
		36.2909998893700,
		31.7460000515000,
		27.2030000686600,
		23.1739997863800,
		18.9469995499000,
		15.8800001144000,
		13.3369998932000,
		11.2210006714000,
		9.60099983220000,
		8.28700065610000,
		6.86800003050000,
		5.07399940490000,
		2.80100059510000,
		-0.2660007477000,
		-2.7360000610000,
		-5.1360015869000,
		-8.1879997253000,
		-11.340999603300,
		-14.307998657200,
		-16.423000335700,
		-18.300998687700,
		-19.521999359100
	],
	"Y_o": [
		71.4180002212500,
		74.2020001411400,
		76.6470000743900,
		78.4839999675800,
		79.9869999997318,
		80.8180000185970,
		81.1809999942800,
		81.0800000429200,
		80.8569999933240,
		79.7319999933240,
		78.4190000295600,
		76.6389999389600,
		75.0780000686600,
		73.6919999122600,
		72.1950001716600,
		71.3549995422400,
		72.1090002059900,
		73.8819999694800,
		76.2320001125300,
		78.3220000267000,
		79.9549999982119,
		81.2480000257500,
		82.0090000629400,
		82,
		81.9390000104900,
		82.1340000629400,
		82.2369999885600,
		82.3289999961900,
		82.4600000381500,
		82.3429999351500,
		81.3040000200300,
		79.5649999976160,
		78.1039999723400,
		76.7969999313400,
		76.4449999332400,
		76.2269999980900,
		76.4130001068100,
		76.2230000495900,
		75.3319997787500,
		73.7859997749300,
		71.5439996719400,
		69.4759998322000,
		67.2819995880000,
		65.4079999924000,
		64.0089998245000,
		63.0400009155000,
		62.4899997711000,
		62.1159992218000,
		61.8810005188000,
		61.6100006104000,
		61.2380008698000,
		60.7240009308000,
		59.5330009460000,
		57.9969997406000,
		56.4209995270000,
		55.5569992065000,
		55.2320003510000,
		54.7569999695000,
		54.4349994659000,
		53.9810009003000,
		53.5550003052000,
		53.1760005951000,
		52.7759990692000,
		53.0130004883000,
		53.9279994965000,
		54.9969997406000,
		56.4689998627000,
		58.0639991760000,
		59.6819992065000,
		61.4090003967000,
		63.5729999542000,
		64.4689998627000,
		64.1569995880000,
		63.1140003204000,
		62.2520008087000,
		62.2849998474000,
		63.0450000763000,
		64.4870004654000,
		66.5080003738000,
		68.7740001678000
	],
	"X_i": [
		32.4879999160800,
		34.6789999008200,
		36.9770002365100,
		39.1239995956400,
		39.9289999008200,
		43.6180000305000,
		47.1529998779000,
		50.6720008850000,
		53.9090003967000,
		56.1359996796000,
		58.4850006104000,
		60.9979991913000,
		63.4580001831000,
		66.4329986572000,
		69.3709983826000,
		72.0950012207000,
		73.8289985657000,
		74.0610008240000,
		72.3660011292000,
		70.3650016785000,
		67.9630012512000,
		65.0919990540000,
		62.5550003052000,
		61.8950004578000,
		59.1480007172000,
		56.7929992676000,
		54.7269992828000,
		52.8250007629000,
		50.8500003815000,
		47.9470005035000,
		44.5600004196000,
		41.5360002518000,
		38.8970003128100,
		35.6139998436000,
		31.7280000448200,
		28.1849999427800,
		24.4790000915500,
		20.8269996643100,
		17.9130001068000,
		14.9619998932000,
		12.4330005646000,
		10.6459999084000,
		8.99399948120000,
		7.27599906920000,
		5.40099906920000,
		3.07500076290000,
		0.68899917599999,
		-1.7830009460000,
		-4.0820007324000,
		-6.3359985352000,
		-9.2430000305000,
		-12.576000213600,
		-14.625000000000,
		-15.909999847400,
		-15.936000824000,
		-15.018001556400,
		-13.327999115000,
		-11.057998657200,
		-8.0559997559000,
		-5.5419998169000,
		-2.5849990845000,
		-0.0990009307999,
		2.90699958800000,
		5.83600044250000,
		7.79100036620000,
		9.89500045780000,
		12.5279998779000,
		15.3249998093000,
		18.2110004425000,
		20.7480001449600,
		22.8720002174400,
		24.3660001754800,
		26.4330000877400,
		29.4599999785420
	],
	"Y_i": [
		78.1940000057200,
		78.3969999551800,
		78.6269999742500,
		78.6150000095400,
		78.4259999990500,
		78.7860000133500,
		78.9379999637600,
		78.7790000438700,
		77.8849999904600,
		76.2369999885600,
		74.2109999656700,
		72.8060002327000,
		72.3860001564000,
		72.2500000000000,
		72.4710001945500,
		72.1160001754800,
		70.8909997940100,
		68.5200004578000,
		66.6990003586000,
		66.2700004578000,
		65.7980003357000,
		65.3819999695000,
		64.9919996262000,
		65.2679996490000,
		64.8260002136000,
		64.4160003662000,
		63.5259990692000,
		62.1399993896000,
		60.2409992218000,
		59.2229995728000,
		58.6760005951000,
		58.2700004578000,
		57.8460006714000,
		57.5319995880000,
		57.2150001526000,
		56.9529991150000,
		56.7310009003000,
		56.5119991302000,
		56.3209991455000,
		57.2099990845000,
		58.7269992828000,
		60.5559997559000,
		62.4489994049000,
		64.1789999008000,
		65.8020000458000,
		67.4980001450000,
		68.3070001602000,
		68.4510002136000,
		67.7440004349000,
		66.7790002823000,
		65.8299999237000,
		66.0240001678000,
		67.3009996414000,
		69.6949996948000,
		72.4840002059900,
		74.8070001602200,
		76.0060000419600,
		76.8619999885600,
		77.2209999561300,
		77.3689999580400,
		76.7520000934600,
		75.8379998207100,
		74.4650001525900,
		72.7259998321500,
		71.4259996414200,
		69.9870004654000,
		68.4700002670000,
		67.4289999008000,
		67.4479999542000,
		68.4910001755000,
		70.4569997787500,
		72.5120000839200,
		74.9899997711200,
		77.3480000495900
	],
	"X": [
		-18.065000534050,
		-17.907501220700,
		-16.886501312250,
		-16.029500961300,
		-14.198999404900,
		-11.793498992900,
		-8.8234996796000,
		-5.7964992523000,
		-2.6824989319000,
		0.27649974820000,
		2.96000003815000,
		4.24749946595000,
		6.95499992370000,
		9.03450012205000,
		12.9700002670000,
		15.6684999466000,
		19.5985002517800,
		22.5104999542250,
		24.4860000610350,
		25.4865000247950,
		28.1130000054810,
		29.4639999866485,
		32.5080000162150,
		34.7289998531350,
		37.0880000591250,
		38.9470000267000,
		43.1090002060000,
		46.6955003738500,
		49.9600000381500,
		51.5635004043500,
		54.5325002670000,
		56.7810001373500,
		57.7854995727500,
		61.4714994430500,
		63.9834995269500,
		66.9159984588500,
		69.8459987640500,
		72.6990013122500,
		73.8250007629500,
		75.5359992981000,
		76.1805000305500,
		76.5785007477000,
		76.4794998169000,
		75.9279994964500,
		74.4145011902000,
		73.5920009613500,
		72.5874996185500,
		70.3850002289000,
		67.8525009155000,
		63.3994998932000,
		59.9015007019000,
		57.4299993515000,
		54.4149999618500,
		52.4184999466000,
		50.7519998550500,
		47.7280006408500,
		44.4920001030000,
		39.6205000877550,
		35.9524998664850,
		31.7370000481600,
		27.6940000057200,
		23.8264999389650,
		18.4299998283500,
		16.8965001106000,
		14.1494998932000,
		11.8270006180000,
		11.0170001984000,
		9.46650028225000,
		7.93099975585000,
		6.17499923705000,
		4.10099983215000,
		0.21149921414999,
		-3.4090003967000,
		-5.7360000610500,
		-8.7154998779000,
		-11.958499908450,
		-13.441999435400,
		-15.524000167850,
		-16.462999343850,
		-17.715999603250
	],