{
	"X_o": [
		36.9570091910067,
		39.5957652731469,
		42.1082369494982,
		44.8839481780315,
		47.0218552023659,
		49.0080382518377,
		50.0299418978477,
		50.5059859137757,
		49.6337021956325,
		48.3542381153715,
		47.0761690967404,
		45.0722829703556,
		42.3850466467572,
		39.6175869983193,
		36.6990989662252,
		34.7399353295152,
		32.8386129251773,
		31.5352152073705,
		31.2575741186360,
		31.3336621795998,
		31.4217702344605,
		32.5253084311127,
		34.1493792030277,
		35.6113788338114,
		36.8549187646486,
		38.2230667888301,
		39.8695467929878,
		42.1430845519355,
		44.6775920030709,
		46.5165627283349,
		48.3548084697754,
		49.6578807557729,
		50.4233958109906,
		51.1667029259645,
		50.3763153516810,
		49.4539196076712,
		48.2221422230915,
		47.1447485662067,
		44.6845975036190,
		42.2174238687851,
		39.7974736152147,
		38.2545316610028,
		36.8420011698986,
		35.5727309631681,
		33.4265173292727,
		31.6445775315068,
		30.8382050465549,
		30.2750412092853,
		30.2319583685072,
		30.2233641112741,
		30.3589226167893,
		30.4316124026531,
		30.0235420670019,
		28.6583316084275,
		27.0040345432846,
		25.1556038414981,
		23.3816881455220,
		21.8531470597338,
		19.8555125742239,
		19.4265129015038,
		19.3774777123273,
		19.2180562256883,
		19.5008172849299,
		19.4917661769941,
		18.9602708513615,
		17.9925357428324,
		15.9680178163880,
		12.9945037013071,
		11.4004896884944,
		10.6096367774405,
		10.4864650060288,
		10.3428427253220,
		10.2508788813571,
		10.0409424407470,
		9.99034213378068,
		9.82098753889700,
		10.0024364096563,
		9.71493689707319,
		9.73479589308585,
		9.91955431055649,
		10.7796827419583,
		12.6086973519872,
		16.3310627187996,
		17.8974361297748,
		18.8780370043096,
		19.3293829881181,
		19.4401108787918,
		19.5699086546964,
		19.6217603362421,
		19.7856215974632,
		20.1922631678739,
		21.4539672342524,
		22.9138594785830,
		24.3594414245166,
		26.6527360232341,
		28.4690663681085,
		29.7509168865654,
		30.2181600783713,
		31.0280175987962,
		32.5470956671799,
		34.4425803692829
	],
	"Y_o": [
		81.7661455772327,
		81.8942519368070,
		82.0093814993597,
		81.9565085719231,
		82.0157967421728,
		82.3305962011538,
		82.5348427647621,
		83.3286765800113,
		84.0618799751194,
		84.0878776958410,
		83.9137809442172,
		83.7193364070680,
		83.6434537328038,
		83.5525112319825,
		83.5194714975523,
		83.5550673458634,
		84.6113327709457,
		86.3848056229128,
		88.6115947361451,
		90.0007207186872,
		91.2367855685867,
		93.0278744708975,
		93.3723680647689,
		93.4876890527325,
		93.4472613646248,
		93.5805095148560,
		93.5109533247352,
		93.6359270009124,
		93.6726195158899,
		93.6798987632768,
		93.8360883545895,
		93.7530101647604,
		94.0092881379004,
		94.4950739321376,
		95.4119370714974,
		95.6518906918170,
		95.7146691413525,
		95.7204090281945,
		95.8746852920271,
		95.7567402573796,
		95.7514490115781,
		95.6723515462163,
		95.5564832231956,
		95.6698965212070,
		95.6665711110153,
		95.4844555413103,
		95.2836883849571,
		94.5519482334294,
		93.6665061075567,
		92.2169133491196,
		90.4261015452715,
		88.9879716588452,
		86.4062616283924,
		86.2341799634743,
		86.1974579979732,
		86.1424277351304,
		86.2217571539112,
		86.2033104734094,
		87.1674706222853,
		89.2265021315274,
		90.4522755413604,
		92.3233792113175,
		93.9936638648039,
		95.5906540495954,
		96.2134093976418,
		96.2574199297051,
		96.3464422480187,
		96.3529924205073,
		96.4745290148744,
		96.0962842530212,
		95.2779201264084,
		93.2499381777426,
		91.0281698291840,
		88.5756736054080,
		85.6191592307818,
		83.4901422911656,
		81.2730973565302,
		78.8790636776198,
		76.5514689218171,
		75.8123602471527,
		75.5462829527820,
		75.4853919764318,
		75.3818339450474,
		75.3057148169690,
		75.8004181986978,
		76.7568167844744,
		78.4923753073962,
		80.6041451067653,
		82.0790643806970,
		83.6836061437057,
		84.4405364426461,
		84.8555550019658,
		84.9271521352557,
		84.9919191071495,
		84.9876735861987,
		84.9758643109657,
		83.9128151939482,
		82.5388276381834,
		81.5533059264295,
		81.4842130282215,
		81.6162912186708
	],
	"X_i": [
		36.7241829986669,
		39.7650947750939,
		42.0560182679863,
		44.9230372855733,
		47.0241636502944,
		49.2190982091814,
		51.4989480072954,
		53.1715033375005,
		54.6734246215355,
		55.2089593619852,
		55.1304428356383,
		54.6750721082420,
		53.7064885125379,
		52.1575343409209,
		50.4774053693083,
		49.1656135257445,
		47.3698117490510,
		45.5179609445358,
		42.7682923393336,
		40.6075071067803,
		38.7879014577587,
		36.9504005635083,
		35.6294834677921,
		35.3266745548304,
		35.8082086286325,
		36.8882519952139,
		38.2556139459583,
		40.7454583299060,
		42.9302994334088,
		45.5087871342312,
		48.2105762629456,
		50.6174538525905,
		53.0113982529511,
		54.5974811482939,
		55.2054949793769,
		55.2514068444043,
		54.8073607419780,
		54.1342662329089,
		54.1377834967534,
		52.4339217848407,
		50.5895231378762,
		48.1527266209707,
		46.2524285389821,
		44.4269601448709,
		41.9938093489779,
		40.1781424078733,
		38.1262043931960,
		35.5225005765477,
		33.7814537580869,
		31.4252727401821,
		28.5222316537022,
		27.2364581904651,
		26.7237370180415,
		26.4577294005290,
		26.4805515661734,
		26.2280565846093,
		25.2157055649853,
		24.1349694445699,
		23.7540269541688,
		23.4933539540055,
		23.6119148285172,
		23.5573883942802,
		22.8500544250789,
		21.5812462700673,
		19.0027423708455,
		17.0427659178334,
		14.8381510013942,
		12.2990581191415,
		10.4388478008792,
		7.95095240603493,
		6.77444056567528,
		6.56906626511170,
		6.50555099249909,
		6.54539284420406,
		6.43680522668655,
		6.37759017704450,
		6.39048875220776,
		6.04863937203850,
		6.29639804648464,
		6.25623018360781,
		6.62398230212787,
		8.46688570067681,
		10.6806550823375,
		12.9610657628982,
		16.3004326837924,
		18.9486911828545,
		21.4063363638084,
		23.0026166901850,
		23.4190649864173,
		23.5609613496953,
		23.5733818295076,
		24.2508178711415,
		25.3562289575054,
		26.4555814312157,
		27.1739404775439,
		28.4755572768032,
		30.8995584107035,
		32.9385019384256,
		34.5000180030023
	],