{
	"X_o": [
		39.6644514915050,
		41.7301535983865,
		42.7392570976192,
		43.4822803131395,
		43.7071490939168,
		43.1340329791028,
		42.2133413627063,
		41.8088700386033,
		42.7430034395798,
		44.7491655367580,
		47.5999434273896,
		49.3032063508287,
		50.5736650639213,
		51.7110490733799,
		52.7642225875928,
		53.3230267646376,
		53.8126846939040,
		53.6791699463610,
		52.6204834597378,
		51.7948069311003,
		50.5105815495385,
		49.5941742671526,
		48.4393083173210,
		47.5231262579843,
		46.5932869081855,
		45.1939594752795,
		43.6209631071875,
		42.1338016906262,
		40.5223688522904,
		39.3849068269008,
		38.2976909185132,
		37.5811195417140,
		36.7136147308384,
		36.3685963706886,
		35.9885710399938,
		35.8142490051886,
		34.8362119054933,
		33.8432571871942,
		33.0213727516971,
		32.2883066348441,
		31.1894780391403,
		30.1826688655337,
		28.8929490107086,
		27.1974505883965,
		25.5626713913849,
		23.8208179804292,
		22.3585245963542,
		21.7470302217182,
		22.5108172110403,
		23.8594961597612,
		25.2554798875078,
		26.9442702363956,
		28.6623819743758,
		30.4169522318905,
		31.8873682153538,
		33.3737863199099,
		35.0442212165639,
		36.2935607995181,
		37.4926205088446,
		38.3952470577731
	],
	"Y_o": [
		80.1092041392070,
		78.6179073259162,
		77.5008352109097,
		76.1691381334042,
		74.7501685454506,
		73.3445152586732,
		71.8233133957729,
		70.3643868493307,
		69.1485912741374,
		68.3213267194813,
		68.1909203743435,
		68.6682038503853,
		69.5931858400961,
		70.4412360586343,
		71.4682157277721,
		73.0125163850803,
		75.4823565021436,
		77.4771891705719,
		79.3096912336990,
		80.2050904508496,
		81.1058769623934,
		81.1931295753960,
		80.6156437941359,
		79.6598810154993,
		78.6062817630641,
		78.1342570623744,
		78.3383628387984,
		79.3134569144464,
		80.4087193224821,
		81.3372864137412,
		82.0439270177802,
		82.7523926532953,
		83.8638842577790,
		84.9527669816227,
		86.6889697238609,
		88.2497182211166,
		89.7417023556729,
		89.9834190062589,
		89.2348027515273,
		87.5615227700731,
		86.4471120888984,
		85.6194559481522,
		85.1940667029127,
		84.9511883904782,
		85.0529197190587,
		85.0462800624507,
		84.8065005603199,
		83.3648497119748,
		82.3004531421995,
		81.5038307268472,
		81.0429667458965,
		81.3804598713685,
		81.6004941850663,
		81.9352197858822,
		82.2238951769265,
		82.4575269338232,
		82.6906793398940,
		82.4588141005066,
		81.8025631458140,
		81.1659933066857
	],
	"X_i": [
		37.2341265892509,
		37.7002810207025,
		38.1730111723531,
		38.1850538242241,
		37.6934535182667,
		37.0842472695985,
		37.2200076396804,
		38.4054878259815,
		40.7476104175495,
		43.2206283730647,
		45.5786581393715,
		47.7409869955050,
		49.3785502884014,
		50.8104517283679,
		52.4364682071010,
		53.9044581155463,
		55.4282375677221,
		57.0953371760605,
		58.3412253219500,
		58.8806602357582,
		59.0226779057958,
		58.7540993433364,
		58.4194908904858,
		56.4174235737832,
		53.9986261217860,
		52.0211553710328,
		50.4274900875519,
		49.0258333929831,
		47.8466562572283,
		46.8006401749035,
		45.7281993448942,
		44.2959136107666,
		43.0931346437933,
		41.0334308821461,
		40.5583663215244,
		40.2252292608362,
		39.9502237303141,
		39.4137343632485,
		38.6299300958151,
		37.1788085150051,
		36.1604083110007,
		34.6644974312784,
		32.8519989914251,
		31.3352090878898,
		30.0109944813912,
		29.1790978088582,
		27.3487856086296,
		26.0110656339649,
		24.4283444750191,
		23.2858907899310,
		21.6867434644695,
		19.9208576702053,
		18.1699832334091,
		17.3107920980084,
		16.8941749157383,
		17.1172269344449,
		17.7687908589608,
		18.3224736801171,
		19.6816870479492,
		21.4617525615530,
		23.3833434179846,
		24.5955656605848,
		25.5948951616223,
		26.7970324019790,
		27.6619858924709,
		29.3558897202162,
		30.9572091342547,
		32.3723995928685,
		33.4974419577609,
		34.6040910807043,
		35.6634937683310,
		42.1120759011429
	],
	"Y_i": [
		76.7786269178090,
		75.7985438061738,
		74.7750784754050,
		73.4291699530111,
		72.0238316042250,
		70.6567215423531,
		69.0262260607862,
		67.2065592152944,
		65.8874862693237,
		64.5782169488414,
		63.9911360208052,
		64.2846003758974,
		64.5845371422656,
		65.1131196213031,
		65.9996564770701,
		66.7995798270489,
		68.1995101961282,
		70.2236443506060,
		72.3458909989871,
		74.7226133678772,
		76.5782318395892,
		78.4764955554657,
		80.4075616746091,
		81.9125435258630,
		83.6220203552760,
		84.7187234228213,
		85.0132376173437,
		84.9526753286560,
		84.4240041181175,
		83.5812818424544,
		83.0833548337460,
		82.9831181529828,
		83.7019097586873,
		85.4476258815489,
		86.1873165857856,
		87.1538468953281,
		88.1081672814972,
		89.6233607680574,
		91.1403296832100,
		92.4837782830260,
		93.1359417109705,
		93.7240003658897,
		93.3978446943234,
		92.6729265399079,
		91.4714246333213,
		90.2583087234716,
		88.8298465912587,
		88.4867400298537,
		88.5781916778155,
		88.8120553473995,
		88.9843468546585,
		88.7818597633464,
		87.5944879503833,
		86.1130955959450,
		84.2550050619848,
		83.1906774834549,
		81.7566978437649,
		80.0494716067795,
		78.7910477604418,
		77.5190860865697,
		76.7749651763588,
		76.7468625457222,
		76.9044475703530,
		77.2897359912571,
		77.5526945466376,
		78.0634408075166,
		78.4243907003038,
		78.7254839388859,
		78.6716256210346,
		78.4132300264693,
		77.9043933799602,
		84.4229004879059
	],
	"X": [
		38.4492890403779,
		39.4821400938187,
		40.4561341349862,
		40.8276457427463,
		40.9400801331350,
		40.6595434016634,
		40.1991975934652,
		39.7511617784350,
		41.7453069285647,
		43.9848969549114,
		47.6704652114473,
		50.0568290395983,
		51.5050666355112,
		52.8077535944631,
		54.0962300776574,
		55.2091819703490,
		56.3466724648311,
		56.2166346448487,
		53.3095547907619,
		52.8967165264432,
		50.4690358185452,
		48.7204152621905,
		47.6199742461123,
		46.6256628014393,
		46.1607431265398,
		44.7449365430230,
		43.9584383589771,
		43.2148576506964,
		41.8077517480419,
		40.7484913640218,
		39.6655609003296,
		39.3072752119301,
		38.6359905261814,
		38.4634813461065,
		37.9693973851540,
		37.6139916842186,
		36.0075102102492,
		33.3476280893097,
		31.5161836165442,
		30.7337022218511,
		30.1842879239992,
		28.7657272370816,
		28.1208673096691,
		26.6042581111807,
		25.7868685126749,
		24.1245812277241,
		22.8222076931426,
		19.7579105403395,
		21.0962521294948,
		22.6606243606571,
		26.0262561447434,
		27.3031280644332,
		29.0091358472960,
		30.6870806830726,
		32.1298839041112,
		33.4356141388354,
		34.8241561486341,
		35.4488259401112,
		36.5780571385878,
		37.0293704130520
	],
	"Y": [
		78.4439155285080,
		77.6982671218626,
		76.1379568431573,
		75.4721083044046,
		74.7626235104278,
		73.3868426058422,
		72.6262416743920,
		71.1941092267778,
		67.5180387717306,
		66.4497718341614,
		66.2377603751205,
		66.8906617358442,
		67.7964211585831,
		68.6204079428416,
		69.8338629619502,
		71.6180803678431,
		75.1024849350104,
		77.9768423630188,
		81.4658557944875,
		81.9135554030628,
		83.0595572898686,
		82.8085668467568,
		82.0984628182951,
		81.3716179246227,
		80.8448182984050,
		80.5586876076786,
		80.6607404958906,
		81.1482875337146,
		82.0553145405847,
		82.8800934508236,
		83.7457764496646,
		84.1000092674221,
		85.0256004217823,
		85.5700417837041,
		87.3985685026790,
		88.9365394945870,
		91.1127403193494,
		91.6906318502911,
		90.3531136924243,
		88.9099157467724,
		88.3527104061850,
		87.2246512697055,
		87.0119566470857,
		86.7189642101660,
		86.7698298744562,
		86.8122358701331,
		86.8092779538597,
		82.5607737778699,
		80.5457504513207,
		79.5114584067084,
		79.1663513685768,
		79.4665772090030,
		79.8319674962914,
		80.1798052430930,
		80.4746895579062,
		80.5645762774289,
		80.5519546831816,
		80.4360220634879,
		79.8534782628871,
		79.5351933433229
	]
}