{
	"X_o": [
		34.6246316888755,
		32.6264326092148,
		30.8573233278844,
		28.8879687170678,
		27.3788119845783,
		26.3353134325387,
		25.2619668075037,
		24.2141721458954,
		23.0345167733882,
		21.5965202647860,
		20.0374582966919,
		18.8345729762325,
		17.8613841008733,
		17.2865825675243,
		16.8007845317138,
		16.5241702983356,
		16.8286885697473,
		17.2997685444428,
		18.0877202491952,
		19.1605331501643,
		20.6712174812333,
		22.1604175431257,
		24.0183092774203,
		25.4311119760716,
		26.7811840230298,
		28.0121595415793,
		29.2599129585384,
		30.4836944338907,
		31.3692608451231,
		32.9240956475989,
		34.2949273037080,
		35.3523310935552,
		36.3827248617318,
		37.8412657526019,
		39.1618570207192,
		40.6852532281089,
		42.0442796328842,
		43.2501042848155,
		44.6164328789891,
		46.6366342966318,
		48.2079596516071,
		49.1923725364868,
		49.5612869819483,
		49.6325982106626,
		49.2865620211360,
		48.6440017113107,
		47.6131821879599,
		46.1650415190326,
		44.7659431461810,
		43.3290725019057,
		41.9696655516699,
		40.7364605274547,
		39.2062909486823,
		37.4012480962902
	],
	"Y_o": [
		82.4405307217349,
		82.5076311452131,
		82.3265822939378,
		82.2334566896506,
		81.8533588253448,
		81.0391368630524,
		79.6533196993261,
		78.2924780985142,
		77.2775227419927,
		76.8204472050700,
		77.2870109162965,
		78.3079346949353,
		79.7042478069345,
		81.2634000953776,
		82.9515489972689,
		85.0956315474500,
		86.9897053584261,
		88.5937803152354,
		89.9668818717046,
		91.3518601340609,
		92.2656701634520,
		92.5406157210684,
		92.3212515195720,
		91.7912962084796,
		90.8924892412655,
		89.8700759062441,
		88.7433174610481,
		87.5826993825313,
		86.2755052638203,
		85.2065216180658,
		84.4415126803105,
		84.3549816326024,
		84.4252213159771,
		85.0243712065125,
		85.5501846084134,
		87.0200436809750,
		88.6526270854956,
		90.1330861013828,
		90.9715290555084,
		90.8024756848758,
		89.7869486815921,
		88.4022012440689,
		86.9159162366920,
		85.0241841265837,
		83.1571186765646,
		81.7981073131722,
		80.6660765118671,
		80.1335954801769,
		79.5539388955095,
		79.5915877042302,
		80.3198463421118,
		81.2744076044947,
		82.1272651346633,
		82.4111549514525
	],
	"X_i": [
		34.7051468219281,
		33.0990209470306,
		31.1094121724149,
		29.7289476125497,
		27.9984744428486,
		26.6073620654382,
		24.9733899965526,
		22.8446835732291,
		20.1934603107827,
		18.1087564807272,
		15.9958255266614,
		14.8941728387246,
		13.8715525108485,
		13.0291383349050,
		12.4996612974648,
		12.2037360141046,
		12.2598645678307,
		12.5891237883209,
		13.0848826726534,
		13.6971133588010,
		14.7413303786608,
		15.7661067919193,
		17.0983470193400,
		18.8034870276458,
		20.9224416299103,
		23.0311832207145,
		25.3054115068381,
		27.2083124670317,
		28.7908784991907,
		30.2292019878630,
		31.3135158700970,
		32.3971389346059,
		33.6581473539921,
		34.9038405541233,
		36.1480502418312,
		37.2176520520214,
		38.2729337524269,
		39.1894237555221,
		40.3377706391874,
		41.5396207546024,
		43.1660262599184,
		45.1953677385105,
		47.1569971816862,
		48.7966808706609,
		50.5389259191501,
		52.0101766399019,
		52.9247812364655,
		53.4582627081950,
		53.6212450504967,
		53.6572766889406,
		53.2973114468105,
		52.4849679703420,
		51.4426167314827,
		50.4219498257784,
		49.1790137928160,
		47.9370664288365,
		46.4839591780847,
		44.7208561298518,
		43.5505314667349,
		41.6276625553518,
		40.3230582764313,
		39.1531150870811,
		37.8140179580325,
		35.5186157365475
	],
	"Y_i": [
		78.1243655893378,
		77.9181770013803,
		77.8434417477056,
		77.3059807326138,
		76.2014783423757,
		74.9137403224622,
		73.5945650379645,
		72.9091822646507,
		72.8817351195453,
		73.3881352118162,
		75.1307859130637,
		76.6396177996145,
		78.3968019132625,
		79.9454163426367,
		81.7220302432295,
		83.5083575316876,
		85.5496063688314,
		87.3724737318851,
		89.1472079627027,
		90.7182116521784,
		92.5516342697584,
		93.7724870626963,
		95.0504741299804,
		96.2688335387385,
		96.6698879472142,
		96.5912999006198,
		96.1178913156655,
		95.1673798112257,
		94.2021741695318,
		93.1706989216372,
		92.1746589253028,
		91.1147603123484,
		89.7639074694105,
		88.8185353849617,
		88.9048521645548,
		89.5056716843596,
		90.6428154053099,
		91.6682097691591,
		92.9054955515965,
		94.0583918751875,
		95.0022094967229,
		95.5188427173922,
		95.1958693367823,
		94.3204861439311,
		92.8297487359303,
		91.1473928378880,
		89.4645057863952,
		87.6859736011324,
		85.9829597425897,
		83.9620888591508,
		82.0385215438179,
		80.2050156549844,
		78.8319228038728,
		77.4057340193568,
		76.3041765255936,
		75.8187448940900,
		75.5018899052565,
		75.3355865179157,
		75.3656651652168,
		75.9521726009862,
		76.8544582408092,
		77.4668482625301,
		77.8603228280662,
		78.5249765889552
	],
	"X": [
		35.0716237127115,
		32.8627267781227,
		30.9833677501497,
		29.9986904447414,
		28.5538797985640,
		28.0321305225442,
		26.6302206251762,
		25.4107671056668,
		24.0039533849704,
		22.2206019190075,
		19.0731073887095,
		17.4151992514469,
		15.8664683058609,
		15.1578604512147,
		14.6502229145893,
		14.3920174330831,
		14.7089061790341,
		15.4984409516219,
		16.4145253139280,
		17.4633199710418,
		20.7968295555718,
		22.5958003819201,
		24.6618603921292,
		26.3197122215517,
		27.7860312611103,
		29.1206807647211,
		30.8285259465722,
		32.0709208939414,
		32.5137040995576,
		33.9139681008611,
		34.5993839289156,
		35.1280858238392,
		36.2653875517815,
		36.9946579972165,
		38.1897545363703,
		38.9514526400652,
		40.6168516942031,
		41.7939374620014,
		43.8912295694537,
		47.7166575836463,
		49.3734427853786,
		51.0585768864761,
		51.5097748450716,
		51.6269216305797,
		51.2919367339732,
		50.0433092213967,
		49.5278994597213,
		46.3245003485587,
		44.7433996380164,
		42.4783675286287,
		41.1463619140506,
		39.9447878072679,
		38.5101544533574,
		36.4599319164189
	],
	"Y": [
		80.4827536553451,
		80.2129040732967,
		80.0850120208217,
		80.0384492186781,
		79.5796697789793,
		79.1725587978331,
		77.9273990208509,
		76.6031092104882,
		75.4360438899786,
		74.8648147348604,
		75.3375730640563,
		76.7193603039995,
		79.0505248600985,
		80.6044082190071,
		82.3367896202492,
		85.3226189581407,
		87.1810895451556,
		89.6559959837069,
		91.2592580707315,
		92.5621735983786,
		94.4677790553331,
		94.5659578108441,
		94.2195714176188,
		93.4793380098527,
		92.5473317053986,
		91.5203874139406,
		89.9290388866982,
		88.6733034259709,
		88.0197063666154,
		87.0125285015137,
		86.6300240326361,
		86.5867585087820,
		86.6650367402660,
		86.9646116855336,
		87.5279281463865,
		88.2628576826673,
		90.1604184273273,
		91.5192908264897,
		92.9868692761157,
		92.5614809144034,
		91.3083487087612,
		88.9333535152320,
		87.3009449189122,
		85.5035719345867,
		82.5978201101912,
		80.3150150585225,
		79.7489996578699,
		77.8177426927167,
		77.4447627067126,
		77.7718801526082,
		78.5871522914605,
		79.3706279335124,
		79.9937939813648,
		80.4680657702039
	]
}