{
	"X_o": [
		37.8457931083000,
		41.8640660505000,
		42.4459179142000,
		44.3461823110000,
		48.3572559385000,
		52.3683295661000,
		56.3794031936000,
		60.3904768211000,
		64.4015504487000,
		68.4126240762000,
		72.4236977038000,
		76.4347713313000,
		80.4458449589000,
		84.6651519180000,
		88.8771814110000,
		92.8538193870000,
		96.7131913890000,
		99.9127412110000,
		102.755888410000,
		103.635566513000,
		104.333694530000,
		105.443512212000,
		106.553329894000,
		107.663147576000,
		108.772965258000,
		109.882782940000,
		110.992600622000,
		112.102418304000,
		113.212235986000,
		114.322053668000,
		115.116375603000,
		115.279303286000,
		113.493761201000,
		109.974377500000,
		108.016211537000,
		104.043756221000,
		100.071300905000,
		96.0988455890000,
		92.1263902740000,
		88.1987523940000,
		84.1674133450000,
		80.5009342937000,
		77.2611236849000,
		75.4485946206000,
		71.5686788660000,
		71.8689091248000,
		68.3221000547000,
		64.3891044989000,
		60.4087587370000,
		57.4031631572000,
		53.2557115646000,
		49.0407905943000,
		48.9476450419000,
		45.6875507059000,
		42.4274563699000,
		39.1673620340000,
		35.9072676980000,
		32.6471733620000,
		29.3870790261000,
		26.1269846901000,
		22.8668903541000,
		19.6067960182000,
		16.3693986260000,
		12.3502506585000,
		8.54198390850000,
		5.78434660230000,
		4.70447643280000,
		6.32784815810000,
		6.28874619370000,
		8.81101541510000,
		11.3332846365000,
		13.8555538579000,
		16.3778230793000,
		16.9199848019000,
		19.3858187355000,
		20.5310844457000,
		21.0299384177000,
		20.4207553458000,
		17.9688951409000,
		16.0071325719000,
		12.5300056567000,
		9.33113527330000,
		5.30281824050000,
		1.27426864080000,
		-2.1882988762000,
		-4.5205300890000,
		-5.9160634269000,
		-5.5515782792000,
		-3.7157728766000,
		-1.1371164941000,
		2.88400128380000,
		6.92524887390000,
		10.9449092174000,
		14.9645695610000,
		18.9842299046000,
		23.0038902482000,
		27.0235505917000,
		31.0432109353000,
		35.0628712789000
	],
	"Y_o": [
		83.2949525074000,
		83.4194657942000,
		83.4339676282000,
		83.4285031704000,
		83.3727334595000,
		83.3169637487000,
		83.2611940378000,
		83.2054243270000,
		83.1496546161000,
		83.0938849052000,
		83.0381151944000,
		82.9823454835000,
		82.9265757726000,
		82.8679107989000,
		83.4055221868000,
		85.0448366449000,
		86.9749398622000,
		89.9499875138000,
		92.8229705265000,
		96.7669327242000,
		97.9589166481000,
		101.904344989200,
		105.849773330300,
		109.795201671400,
		113.740630012500,
		117.686058353600,
		121.631486694700,
		125.576915035800,
		129.522343376900,
		133.467771718000,
		136.305844982500,
		140.418781074200,
		144.143607635600,
		146.338033248200,
		147.106219861500,
		147.664270639300,
		148.222321417200,
		148.780372195000,
		149.338422972900,
		149.889397690400,
		149.723941773700,
		148.026339722900,
		145.611693251400,
		142.030519070200,
		137.974435344600,
		133.918536319400,
		131.394515846900,
		128.995644852700,
		128.582500179700,
		129.061922813000,
		130.285262577600,
		133.217849009600,
		133.284632893900,
		135.622068845300,
		137.959504796700,
		140.296940748000,
		142.634376699400,
		144.971812650800,
		147.309248602200,
		149.646684553600,
		151.984120505000,
		154.321556456300,
		156.642719058900,
		157.676399970400,
		156.312241530600,
		153.273120073000,
		149.400959861600,
		145.659744386700,
		145.309451255500,
		142.187083449200,
		139.064715642900,
		135.942347836600,
		132.819980030300,
		132.149642459700,
		128.944742754000,
		125.077750171200,
		120.321782695100,
		115.316372633000,
		112.103059031100,
		108.606505703300,
		106.620269780400,
		104.136857959800,
		103.536378180600,
		102.942273023700,
		100.932899282900,
		97.5783566129000,
		93.7992575031000,
		89.7073072599000,
		86.1526531836000,
		83.0661705375000,
		82.1984065113000,
		82.0857868292000,
		82.2283514991000,
		82.3709161690000,
		82.5134808389000,
		82.6560455088000,
		82.7986101788000,
		82.9411748487000,
		83.0837395186000
	],
	"X_i": [
		39.8457931083000,
		43.8640660505000,
		44.4459179142000,
		44.3461823110000,
		48.4718580422000,
		52.4829316697000,
		56.4940052972000,
		60.5050789248000,
		64.5161525523000,
		68.5272261799000,
		72.5382998074000,
		76.5493734350000,
		80.5604470625000,
		84.6651519180000,
		88.7204079450000,
		93.9929574210000,
		98.0338443790000,
		102.012120821000,
		105.316401522000,
		108.057215718000,
		110.784289235000,
		112.302866261000,
		112.333694530000,
		113.443512212000,
		114.553329894000,
		115.663147576000,
		116.772965258000,
		117.882782940000,
		118.992600622000,
		120.102418304000,
		121.212235986000,
		122.322053668000,
		123.116375603000,
		123.477445622000,
		122.912786499000,
		120.291971999000,
		118.104535179000,
		114.759513172000,
		110.709319972000,
		110.016211537000,
		106.043756221000,
		102.071300905000,
		98.0988455890000,
		94.1263902740000,
		90.1987523940000,
		86.1577534600000,
		81.6217296560000,
		77.9617828818000,
		74.4210659122000,
		72.1127941196000,
		69.4744599376000,
		68.6072252569000,
		66.7758854907000,
		63.2030723990000,
		59.4031631572000,
		55.6048548011000,
		54.9476450419000,
		51.6875507059000,
		48.4274563699000,
		45.1673620340000,
		41.9072676980000,
		38.6471733620000,
		35.3870790261000,
		32.1269846901000,
		28.8668903541000,
		25.6067960182000,
		22.3693986260000,
		18.8858958567000,
		14.7521876897000,
		10.7472288081000,
		6.71950243920000,
		3.56265230070000,
		1.46606151050000,
		-0.9101831410000,
		-1.2924517720000,
		-0.7562135543999,
		1.88740904600000,
		2.28874619370000,
		4.81101541510000,
		7.33328463650000,
		9.85555385790000,
		12.3778230793000,
		12.9199848019000,
		14.4328754554000,
		14.8850765946000,
		13.2812828545000,
		10.7563337719000,
		7.05010452790000,
		3.02624652610000,
		-0.9400760265000,
		-4.9820269495000,
		-7.9477674831000,
		-10.404616646920,
		-11.515005442630,
		-11.999493660750,
		-11.377992574570,
		-8.9085832645000,
		-6.9432007580000,
		-3.4635307326000,
		-0.2309108938000,
		3.77382678520000,
		7.82897787110000,
		11.8486382147000,
		15.8682985582000,
		19.8879589018000,
		23.9076192454000,
		27.9272795889000,
		31.9469399325000,
		35.9666002761000
	],