{
	"X_o": [
		37.6544677523948,
		39.5258177017010,
		41.2119862561950,
		42.6170880601357,
		44.1849208753103,
		45.9470948345019,
		47.9072129035854,
		50.1707084969909,
		51.8414416035286,
		53.3840941203889,
		53.5093253719075,
		53.6883945871322,
		53.8075276936546,
		53.9011535316529,
		54.0383440905007,
		52.3256390060136,
		50.4472605685547,
		48.8658979462941,
		47.3692131459734,
		45.8708374502187,
		43.2589025690115,
		40.2061831926702,
		37.3842466178981,
		34.4703293174882,
		31.6325012718774,
		28.9490681139610,
		26.2165763126022,
		24.3853780123686,
		24.2006571655521,
		24.1588722486291,
		24.0864556500521,
		23.9005911007901,
		23.8885856652914,
		23.8997640456083,
		26.7985548932645,
		29.5433533059792,
		31.6618364043472,
		33.5513321713215,
		35.5302424217577,
		53.4652037742512
	],
	"Y_o": [
		81.9565877854847,
		81.9079663772485,
		81.9003050374654,
		81.9132224932469,
		81.8323518996480,
		81.8826497326156,
		81.8070038897907,
		81.7257733434105,
		81.7360355929490,
		81.7230703824449,
		85.4222366545746,
		86.9841939922402,
		88.8892410968529,
		91.2908734059812,
		94.1047129298627,
		94.2615608344334,
		94.3528903065780,
		94.4639762100335,
		94.5414096325131,
		94.5820386222350,
		94.7359403794679,
		94.8889266593533,
		95.0023287379587,
		95.1727226704889,
		95.3408838707275,
		95.5276528349382,
		95.6106766587480,
		95.6499778813675,
		93.5891145714447,
		91.3896366854166,
		89.0954292019929,
		86.8105342821965,
		84.7932340687105,
		82.5139221684184,
		82.3120258595639,
		82.2425895524015,
		82.1710165467856,
		82.1251489742949,
		82.0740016545628,
		83.4960252104590
	],
	"X_i": [
		57.2900491588849,
		57.4052662621301,
		57.5768408589667,
		57.7203997778071,
		57.7801507288679,
		57.8805094202211,
		57.9556029163863,
		58.1421005516869,
		58.0390207253115,
		58.0223755175566,
		58.0623268699291,
		55.5475111791685,
		52.6340662775819,
		50.4357145951057,
		47.9332732125063,
		45.3978976427195,
		42.8725766273708,
		41.0668596823412,
		38.7879048383963,
		36.2055483281223,
		33.5706546416901,
		30.9603064540580,
		28.3372020718088,
		25.7605359826268,
		22.8735224158001,
		20.2975633176705,
		20.2364495184579,
		20.1948553604031,
		20.1872976247117,
		20.1768336949904,
		20.0978581460880,
		20.0953604069843,
		20.0355209610642,
		19.9736696112994,
		19.8717567726878,
		19.9482840443570,
		21.5136382581545,
		22.8272845662534,
		24.5549143833389,
		26.9844421435885,
		29.3599181653827,
		31.8030329766020,
		34.0036417036355,
		36.9114711403981,
		39.2819910038850,
		40.8239114963857,
		42.1175988633737,
		44.3547520107775,
		47.0321407187437,
		49.3428773139816,
		51.7328403106033,
		54.8980262981617
	],
	"Y_i": [
		77.3162188994739,
		80.3676387964802,
		82.8119832119884,
		85.2144385459501,
		86.8909983032223,
		89.1598204827696,
		90.8158356366402,
		92.8026776751407,
		94.5098605673599,
		96.0426767005570,
		98.3915848495477,
		98.3539358132726,
		98.4424899246152,
		98.5909460693733,
		98.6668540550963,
		98.7345749743068,
		98.8163141663865,
		98.9119684359101,
		98.9692023985463,
		99.0686632866945,
		99.1205672802275,
		99.1912965293286,
		99.3073417342404,
		99.3993968701535,
		99.4941802890474,
		99.5005900259991,
		97.3107293941025,
		95.4064134457452,
		93.6909355212636,
		91.6537838709757,
		89.8414771371026,
		87.7674391677657,
		85.6871588049850,
		83.7448067961646,
		81.4721366115507,
		78.4223010301740,
		78.3705678712895,
		78.3437428895493,
		78.2724580115188,
		78.3042384583943,
		78.2140046598650,
		78.1397188362712,
		78.0639459961792,
		78.0106449904665,
		77.9135339088660,
		77.8243475795343,
		77.8146031808417,
		77.7999222807426,
		77.6519748702070,
		77.6160146302056,
		77.5614513573088,
		77.4496457952386
	],
	"X": [
		37.2829694463965,
		39.4039043527930,
		41.0179488762904,
		42.3673434617547,
		44.2698364430439,
		46.4896177766228,
		47.4696768111645,
		49.7567929054862,
		51.7871409570660,
		55.3946801912595,
		55.6148625748573,
		55.7342726580000,
		55.8440185569379,
		55.9283782240196,
		56.0386824079061,
		52.4798526417978,
		50.4414875818302,
		48.3995855794002,
		47.6512431792398,
		45.6343675464691,
		43.0657395981911,
		40.6365214375057,
		38.0860757281472,
		34.0204919795891,
		31.2964038629677,
		28.6431350928849,
		25.9885561476145,
		25.0729569974977,
		22.1939773951319,
		22.1678529718097,
		22.0921568980700,
		21.9979757538872,
		21.9620533131778,
		21.9367168284539,
		26.8914985184265,
		29.4516357356810,
		31.7324346904746,
		33.7774869374785,
		34.7669420626966,
		55.5210223166090
	],
	"Y": [
		79.9836163879756,
		79.9107501430573,
		79.8623263084998,
		79.8639128370443,
		79.8161370901953,
		79.7673123014113,
		79.7294893799989,
		79.6708939868080,
		79.6487434751289,
		81.0453545894626,
		85.3183376002624,
		86.9375961477312,
		89.0245307898113,
		91.0533545213107,
		94.3072867486113,
		96.3520253795243,
		96.4719181879756,
		96.5654151325649,
		96.6041318438047,
		96.6583067982709,
		96.7761272729272,
		96.9004475476317,
		96.9857655682525,
		97.1466449753582,
		97.2660902000280,
		97.4174972845893,
		97.5050367644507,
		97.5246873757605,
		93.6400250463541,
		91.5217102781962,
		89.4684531695478,
		87.2889867249811,
		85.2401964368477,
		83.1293644822915,
		80.3081321589791,
		80.2282971061333,
		80.1553676915284,
		80.0945474852370,
		80.0689738253710,
		83.1540042112237
	]
}