{
	"X_o": [
		30.6855559701710,
		35.6084609066177,
		40.7795012773336,
		55.9738496360640,
		59.0153058878636,
		60.8961655405288,
		62.8798516460626,
		62.9335510262771,
		62.2299717725637,
		61.7749183710725,
		59.3942711953481,
		56.8491004647686,
		54.8459869570006,
		51.4353187171436,
		44.4482657949033,
		43.2737739553527,
		47.8993440064209,
		41.0740746044099,
		37.5272040835277,
		33.5011223783575,
		29.0999878615651,
		25.2359258901440,
		21.6814059716541,
		19.6059943069766,
		18.7198310009663,
		18.1816075136852,
		46.4919664890774,
		17.8497067278460,
		19.4486994607828,
		20.5423260723146,
		22.3231364585183,
		24.1279032392388,
		26.1235308132613,
		27.8976734716524,
		33.1636555411142,
		49.7250234572232,
		53.2891916915226
	],
	"Y_o": [
		82.2805825258830,
		82.4513964079564,
		79.6233480567386,
		72.5750947961109,
		71.9513056714949,
		70.0128054814057,
		65.1826813996959,
		62.8015640513562,
		67.7417007138124,
		60.0738896954453,
		57.4387126218665,
		55.5013449927621,
		54.1570590871984,
		52.5648197298055,
		53.0992045737263,
		78.2658732622442,
		52.5310534740281,
		53.2329703503552,
		53.7012692299148,
		54.2646724366803,
		54.7710936691526,
		54.8808835622071,
		56.0605647742126,
		58.0973914242299,
		60.7888606893490,
		63.1549331159114,
		76.0021539238898,
		66.0354646690036,
		69.2127064370337,
		71.3794031514239,
		73.3051637634391,
		75.1724308402409,
		77.4934792428815,
		80.1914043790143,
		83.1833906871727,
		74.2894915140947,
		73.0657702191869
	],
	"X_i": [
		33.2950159824223,
		50.5878288552198,
		53.7902947192099,
		56.4479403834067,
		57.8058227470756,
		57.9382447848207,
		38.1485731427408,
		56.3204622937410,
		54.1509330485669,
		52.3994878263674,
		50.3711823200833,
		45.2499960351610,
		48.2397941279262,
		42.8526007342943,
		40.0118199075548,
		36.7943640370761,
		32.6143738732916,
		40.5694270570818,
		28.8471425068113,
		25.9961023245931,
		23.8494688629153,
		22.5611620390988,
		22.5145872135173,
		24.1389460694605,
		26.0402338187120,
		27.8517350001498,
		29.7932448603451,
		43.7635530910939,
		31.3371591414023,
		46.8951996653621
	],
	"Y_i": [
		78.1189761520700,
		69.0975229420704,
		67.9636711737701,
		67.3600141738305,
		65.8032922376978,
		63.0920059845663,
		75.8120182486784,
		60.5486027254554,
		58.8478986536269,
		57.6515130622582,
		57.2184376494516,
		57.2720513428824,
		56.9424920882748,
		57.5873911969798,
		58.0596057789544,
		58.4286341296573,
		58.9909992771943,
		74.2269213277553,
		59.1544828760882,
		59.2184791211093,
		59.9654242621374,
		62.1024128030772,
		65.3922116142087,
		68.1697944017271,
		70.6775768665047,
		72.6248204645298,
		75.0006552582737,
		71.8874497366845,
		77.2533151314786,
		70.1337744543544
	],
	"X": [
		31.9902859762967,
		34.4517384445200,
		39.4640372100372,
		54.8820721776369,
		57.7316231356351,
		58.6720529619678,
		60.3428371965691,
		60.4358979055489,
		60.0178972598197,
		59.8565815779466,
		57.8573667445446,
		55.5000167566678,
		53.6227373916840,
		50.9032505186135,
		44.8491309150321,
		41.9216005062173,
		48.0695690671735,
		41.9633376693521,
		37.1607840603019,
		33.0577481258245,
		28.9735651841882,
		25.6160141073685,
		22.7654374172847,
		21.7277315849460,
		20.6404965200326,
		20.3713847763920,
		45.1277597900857,
		20.1821469706816,
		21.7938227651216,
		22.3406360708876,
		24.1816851386152,
		25.9898191196943,
		27.9583878368032,
		29.6174163065274,
		33.2293357617683,
		48.3101115612926,
		51.9385102733712
	],
	"Y": [
		80.1997793389765,
		80.2851862800132,
		77.7176831527085,
		70.2693829849405,
		69.6556599226627,
		68.6864098276181,
		65.4929868186968,
		62.9467850179613,
		66.7724964757551,
		61.5829478400058,
		58.9936576736610,
		57.1746218231945,
		55.9042860747283,
		54.8916286896285,
		55.1856279583043,
		76.2463972949997,
		54.7367727811515,
		55.4101807736675,
		56.0649516797861,
		56.6278358569373,
		56.9627882726204,
		57.0496813416582,
		58.0129945181750,
		59.0314078431837,
		61.4456367462131,
		62.6286729594943,
		73.9448018302871,
		65.7138381416061,
		68.6912504193804,
		69.7745987765755,
		71.9913703149719,
		73.8986256523853,
		76.2470672505776,
		78.7223597552465,
		80.6511834196213,
		72.2116329842246,
		71.0816465806286
	]
}