{
	"X_o": [
		23.5357446670500,
		25.2376813888500,
		28.8582570552800,
		33.1641650199900,
		36.6652064323400,
		37.1510524749800,
		41.5421304703000,
		45.6056194305000,
		48.6863002777000,
		51.5557575226000,
		55.4816989899000,
		59.5118083954000,
		61.3762245178000,
		64.2476692200000,
		67.5619049072000,
		70.5535926819000,
		77.1841926575000,
		81.4372062683000,
		84.4731292725000,
		87.7830734253000,
		91.1388893127000,
		94.6906661987000,
		98.5981292725000,
		101.927406311000,
		102.423072814900,
		100.313842773400,
		97.6724777222000,
		95.4148330688000,
		93.0458679199000,
		88.5462074280000,
		84.0923347473000,
		79.7193183899000,
		76.0105133057000,
		72.1953277588000,
		68.7082443237000,
		65.2827873230000,
		61.7704887390000,
		58.9616279602000,
		55.7906589508000,
		52.4257049561000,
		47.8923625946000,
		43.3932046890000,
		38.8100280761700,
		33.2212309837300,
		28.8358465433100,
		25.4274106025700,
		23.5514264106800
	],
	"Y_o": [
		75.7111816406200,
		79.0704394578930,
		80.9811096787450,
		81.8828612566000,
		81.5134841203700,
		81.4617722034500,
		81.6994330883000,
		82.9058525562300,
		85.8858442306500,
		89.2514734268200,
		90.9253931046000,
		91.5768108368000,
		95.2819404602000,
		98.0983676910000,
		99.4125785828000,
		100.100181579600,
		99.3492393494000,
		98.9733257294000,
		100.622493743900,
		103.909280777000,
		106.998197555500,
		108.748510360700,
		109.131189346300,
		107.374120712300,
		103.775140762300,
		99.9581317902000,
		96.0202598572000,
		91.9626913071000,
		88.6446552276600,
		87.0989360809300,
		86.9915618896500,
		86.5694541931200,
		86.3904137611400,
		84.4566326141400,
		83.4119117260000,
		83.2714810371400,
		80.7529947161670,
		77.4416134357500,
		74.4354171752900,
		71.9343290329000,
		69.3549442291000,
		66.5509853363000,
		64.0435876846000,
		63.5903911591000,
		64.5117702484000,
		67.4479675293000,
		71.9188728332500
	],
	"X_i": [
		32.9065985679600,
		36.9354238510100,
		40.5788793564000,
		44.2999448776000,
		47.8047637939000,
		50.9232177734000,
		54.1317501068000,
		58.0681514740000,
		62.2912788391000,
		65.0990066528000,
		65.7737426758000,
		66.2242813110000,
		67.9096946716000,
		71.3406791687000,
		74.5591506958000,
		78.5840263367000,
		82.3199424744000,
		87.0524406433000,
		90.3937149048000,
		92.2635536194000,
		95.4728012085000,
		98.0783233643000,
		96.6733169556000,
		94.2880706787000,
		91.7876815796000,
		87.6408729553000,
		82.9737854004000,
		78.6139640808000,
		74.7110443115000,
		71.4322967529000,
		66.5077514648000,
		62.0413475037000,
		58.7814006805000,
		55.8421459198000,
		51.3953151703000,
		46.7766971588000,
		42.1841411591000,
		38.1111068725600,
		34.1162710189800,
		29.5039617419240,
		27.3210649490400,
		28.0423654317900,
		32.9065985679600
	],
	"Y_i": [
		78.4046039581300,
		78.1295920610400,
		77.9557011127500,
		78.5103187561000,
		79.9650991223752,
		83.1419045925100,
		85.6552772522000,
		87.2958164215100,
		87.4083833694500,
		89.2096605300900,
		91.7703428268000,
		93.8519067764000,
		95.5996532440000,
		96.0946617126000,
		95.3165016174000,
		95.0294189453000,
		95.7624044418000,
		97.4541530609000,
		99.9192619324000,
		103.380470275900,
		105.489151001000,
		104.448844909700,
		99.8882293701000,
		96.1216297150000,
		92.5032634735000,
		90.1374931335000,
		89.8790273666400,
		89.8017702102700,
		89.4282646179200,
		87.9646348953200,
		87.1214442253100,
		85.7992696762100,
		81.8342615366000,
		78.7092158794400,
		75.4008564949000,
		72.1622200012200,
		69.6975364685000,
		67.7786359787000,
		67.2934741974000,
		68.8427925110000,
		72.6693305969200,
		76.9481551647200,
		78.4046039581300
	],
	"X": [
		25.7890550494200,
		26.6400234103200,
		28.4503112435350,
		33.0353817939750,
		36.8003151416750,
		37.0432381629950,
		41.0605049133500,
		46.7051916122000,
		49.8047590255500,
		52.8437538147000,
		56.7749252319500,
		58.7899799347000,
		63.8002529144000,
		66.0786819458000,
		67.7357997894000,
		70.9471359253000,
		77.8841094971000,
		81.8785743713500,
		85.7627849579000,
		90.0233135223500,
		91.7012214660500,
		95.0817337036000,
		98.3382263184000,
		100.002864837650,
		100.250698089600,
		98.4935798645000,
		95.9802742004500,
		93.6012573242000,
		92.4167747497500,
		88.0935401916500,
		83.5330600738500,
		79.1666412353500,
		75.3607788086000,
		71.8138122558500,
		67.6079978942500,
		65.8952693939000,
		60.2759447097500,
		57.4018869400000,
		55.8164024353000,
		51.9105100632000,
		47.3345298767000,
		42.7886729240500,
		38.4605674743650,
		33.6687510013550,
		29.1699041426170,
		27.4656861722470,
		25.4362456798600
	],
	"Y": [
		76.3296684026700,
		78.0092973113065,
		78.9646324217325,
		80.1437326073650,
		79.8215380907050,
		79.7956821322450,
		79.8275671005250,
		81.4354758393026,
		84.5138744115800,
		87.4533753395100,
		89.1106047630550,
		89.4363136291550,
		94.5669236183000,
		96.8490104675000,
		97.5061159134000,
		98.0974216461000,
		97.1893291473500,
		97.3678650856000,
		99.0383234024000,
		103.644875526450,
		105.189333915700,
		107.118830680850,
		106.790017128000,
		105.911482811000,
		104.111992836000,
		99.9231805801500,
		96.0709447861000,
		92.2329773903000,
		90.5739593505800,
		88.6182146072150,
		88.4352946281450,
		88.1856122016950,
		87.9093391895300,
		86.2106337547300,
		85.2666779756550,
		85.1964626312250,
		81.2936281263835,
		78.0754146575950,
		76.5723165273650,
		73.6675927639000,
		70.7585821151600,
		68.1242609024000,
		65.9111118316500,
		65.4419326782500,
		66.6772813797000,
		68.1453800201500,
		72.2941017150850
	]
}